{"cameraMode":{"drawMode":0,"name":"Shaded","section":"Shading Mode"},"sceneLighting":true,"audioPlay":false,"sceneViewState":{"showFog":true,"showMaterialUpdate":false,"showSkybox":true,"showFlares":true,"showImageEffects":true,"showParticleSystems":true},"in2DMode":false,"pivot":{"x":18.739967346191408,"y":3.12955379486084,"z":57.98881912231445},"rotation":{"x":-0.0467025488615036,"y":0.0619894340634346,"z":-0.002903908956795931,"w":-0.9969812035560608},"size":1.693324327468872,"orthographic":false}